﻿<?xml version="1.0" encoding="utf-8"?>
<ValCurs Date="14.01.2022" name="Foreign Currency Market">
	<Valute ID="R09999">
		<NumCode>999</NumCode>
		<CharCode>RUB</CharCode>
		<Nominal>1</Nominal>
		<Name>Российский рубль</Name>
		<Value>1</Value>
	</Valute>
	<Valute ID="R01010">
		<NumCode>036</NumCode>
		<CharCode>AUD</CharCode>
		<Nominal>1</Nominal>
		<Name>Австралийский доллар</Name>
		<Value>54,5022</Value>
	</Valute>
	<Valute ID="R01020A">
		<NumCode>944</NumCode>
		<CharCode>AZN</CharCode>
		<Nominal>1</Nominal>
		<Name>Азербайджанский манат</Name>
		<Value>43,8897</Value>
	</Valute>
	<Valute ID="R01035">
		<NumCode>826</NumCode>
		<CharCode>GBP</CharCode>
		<Nominal>1</Nominal>
		<Name>Фунт стерлингов Соединенного королевства</Name>
		<Value>102,4945</Value>
	</Valute>
	<Valute ID="R01060">
		<NumCode>051</NumCode>
		<CharCode>AMD</CharCode>
		<Nominal>100</Nominal>
		<Name>Армянских драмов</Name>
		<Value>15,4466</Value>
	</Valute>
	<Valute ID="R01090B">
		<NumCode>933</NumCode>
		<CharCode>BYN</CharCode>
		<Nominal>1</Nominal>
		<Name>Белорусский рубль</Name>
		<Value>29,0659</Value>
	</Valute>
	<Valute ID="R01100">
		<NumCode>975</NumCode>
		<CharCode>BGN</CharCode>
		<Nominal>1</Nominal>
		<Name>Болгарский лев</Name>
		<Value>43,7429</Value>
	</Valute>
	<Valute ID="R01115">
		<NumCode>986</NumCode>
		<CharCode>BRL</CharCode>
		<Nominal>1</Nominal>
		<Name>Бразильский реал</Name>
		<Value>13,4739</Value>
	</Valute>
	<Valute ID="R01135">
		<NumCode>348</NumCode>
		<CharCode>HUF</CharCode>
		<Nominal>100</Nominal>
		<Name>Венгерских форинтов</Name>
		<Value>24,1213</Value>
	</Valute>
	<Valute ID="R01200">
		<NumCode>344</NumCode>
		<CharCode>HKD</CharCode>
		<Nominal>10</Nominal>
		<Name>Гонконгских долларов</Name>
		<Value>95,7198</Value>
	</Valute>
	<Valute ID="R01215">
		<NumCode>208</NumCode>
		<CharCode>DKK</CharCode>
		<Nominal>1</Nominal>
		<Name>Датская крона</Name>
		<Value>11,4992</Value>
	</Valute>
	<Valute ID="R01235">
		<NumCode>840</NumCode>
		<CharCode>USD</CharCode>
		<Nominal>1</Nominal>
		<Name>Доллар США</Name>
		<Value>74,5686</Value>
	</Valute>
	<Valute ID="R01239">
		<NumCode>978</NumCode>
		<CharCode>EUR</CharCode>
		<Nominal>1</Nominal>
		<Name>Евро</Name>
		<Value>85,4556</Value>
	</Valute>
	<Valute ID="R01270">
		<NumCode>356</NumCode>
		<CharCode>INR</CharCode>
		<Nominal>10</Nominal>
		<Name>Индийских рупий</Name>
		<Value>10,0830</Value>
	</Valute>
	<Valute ID="R01335">
		<NumCode>398</NumCode>
		<CharCode>KZT</CharCode>
		<Nominal>100</Nominal>
		<Name>Казахстанских тенге</Name>
		<Value>17,1442</Value>
	</Valute>
	<Valute ID="R01350">
		<NumCode>124</NumCode>
		<CharCode>CAD</CharCode>
		<Nominal>1</Nominal>
		<Name>Канадский доллар</Name>
		<Value>59,7840</Value>
	</Valute>
	<Valute ID="R01370">
		<NumCode>417</NumCode>
		<CharCode>KGS</CharCode>
		<Nominal>100</Nominal>
		<Name>Киргизских сомов</Name>
		<Value>87,9191</Value>
	</Valute>
	<Valute ID="R01375">
		<NumCode>156</NumCode>
		<CharCode>CNY</CharCode>
		<Nominal>1</Nominal>
		<Name>Китайский юань</Name>
		<Value>11,7246</Value>
	</Valute>
	<Valute ID="R01500">
		<NumCode>498</NumCode>
		<CharCode>MDL</CharCode>
		<Nominal>10</Nominal>
		<Name>Молдавских леев</Name>
		<Value>41,4616</Value>
	</Valute>
	<Valute ID="R01535">
		<NumCode>578</NumCode>
		<CharCode>NOK</CharCode>
		<Nominal>10</Nominal>
		<Name>Норвежских крон</Name>
		<Value>86,3312</Value>
	</Valute>
	<Valute ID="R01565">
		<NumCode>985</NumCode>
		<CharCode>PLN</CharCode>
		<Nominal>1</Nominal>
		<Name>Польский злотый</Name>
		<Value>18,8906</Value>
	</Valute>
	<Valute ID="R01585F">
		<NumCode>946</NumCode>
		<CharCode>RON</CharCode>
		<Nominal>1</Nominal>
		<Name>Румынский лей</Name>
		<Value>17,3057</Value>
	</Valute>
	<Valute ID="R01589">
		<NumCode>960</NumCode>
		<CharCode>XDR</CharCode>
		<Nominal>1</Nominal>
		<Name>СДР (специальные права заимствования)</Name>
		<Value>104,5347</Value>
	</Valute>
	<Valute ID="R01625">
		<NumCode>702</NumCode>
		<CharCode>SGD</CharCode>
		<Nominal>1</Nominal>
		<Name>Сингапурский доллар</Name>
		<Value>55,4496</Value>
	</Valute>
	<Valute ID="R01670">
		<NumCode>972</NumCode>
		<CharCode>TJS</CharCode>
		<Nominal>10</Nominal>
		<Name>Таджикских сомони</Name>
		<Value>66,0776</Value>
	</Valute>
	<Valute ID="R01700J">
		<NumCode>949</NumCode>
		<CharCode>TRY</CharCode>
		<Nominal>10</Nominal>
		<Name>Турецких лир</Name>
		<Value>55,0740</Value>
	</Valute>
	<Valute ID="R01710A">
		<NumCode>934</NumCode>
		<CharCode>TMT</CharCode>
		<Nominal>1</Nominal>
		<Name>Новый туркменский манат</Name>
		<Value>21,3358</Value>
	</Valute>
	<Valute ID="R01717">
		<NumCode>860</NumCode>
		<CharCode>UZS</CharCode>
		<Nominal>10000</Nominal>
		<Name>Узбекских сумов</Name>
		<Value>68,9298</Value>
	</Valute>
	<Valute ID="R01720">
		<NumCode>980</NumCode>
		<CharCode>UAH</CharCode>
		<Nominal>10</Nominal>
		<Name>Украинских гривен</Name>
		<Value>26,8722</Value>
	</Valute>
	<Valute ID="R01760">
		<NumCode>203</NumCode>
		<CharCode>CZK</CharCode>
		<Nominal>10</Nominal>
		<Name>Чешских крон</Name>
		<Value>35,2029</Value>
	</Valute>
	<Valute ID="R01770">
		<NumCode>752</NumCode>
		<CharCode>SEK</CharCode>
		<Nominal>10</Nominal>
		<Name>Шведских крон</Name>
		<Value>83,6740</Value>
	</Valute>
	<Valute ID="R01775">
		<NumCode>756</NumCode>
		<CharCode>CHF</CharCode>
		<Nominal>1</Nominal>
		<Name>Швейцарский франк</Name>
		<Value>81,7190</Value>
	</Valute>
	<Valute ID="R01810">
		<NumCode>710</NumCode>
		<CharCode>ZAR</CharCode>
		<Nominal>10</Nominal>
		<Name>Южноафриканских рэндов</Name>
		<Value>48,8097</Value>
	</Valute>
	<Valute ID="R01815">
		<NumCode>410</NumCode>
		<CharCode>KRW</CharCode>
		<Nominal>1000</Nominal>
		<Name>Вон Республики Корея</Name>
		<Value>62,9409</Value>
	</Valute>
	<Valute ID="R01820">
		<NumCode>392</NumCode>
		<CharCode>JPY</CharCode>
		<Nominal>100</Nominal>
		<Name>Японских иен</Name>
		<Value>65,1624</Value>
	</Valute>
</ValCurs>
